,travel,Highest_Music
더현대서울_0,더현대서울_0,Selfish Love_4479
세종문화회관_1,세종문화회관_1,음악의 신_7839
코엑스 아쿠아리움_2,코엑스 아쿠아리움_2,Don't Cry (우리 동네 음악대장)_1347
망원시장_3,망원시장_3,ZIPLOCK_5811
롯데월드타워&롯데월드몰_4,롯데월드타워&롯데월드몰_4,Mad at Disney_3279
해피씨어터_5,해피씨어터_5,Glue_1944
광장시장_6,광장시장_6,Have Yourself A Merry Little Christmas_2132
덕수궁_7,덕수궁_7,혼자 메리 크리스마스 (Prod. by 키겐)_8292
의정부제일시장_8,의정부제일시장_8,잼잼_7954
의정부역 행복로_9,의정부역 행복로_9,Oh My My (What a Life)_3788
석촌호수 서호_10,석촌호수 서호_10,"Me, Myself & I_3358"
경복궁_11,경복궁_11,황진이_8316
아트스페이스 이색_12,아트스페이스 이색_12,혼자 메리 크리스마스 (Prod. by 키겐)_8292
국립현대미술관 서울관 아트샵_13,국립현대미술관 서울관 아트샵_13,Oh My My (What a Life)_3788
아모레퍼시픽미술관_14,아모레퍼시픽미술관_14,Lose Control (Feat. Ciara & Fat Man Scoop)_3100
트리플스트리트_15,트리플스트리트_15,Hands On Me (feat. Meghan Trainor)_2083
송도한옥마을_16,송도한옥마을_16,Summer Rain_4810
가평잣고을시장_17,가평잣고을시장_17,뿜뿜_7280
쎈느_18,쎈느_18,Magic Bird of Fire (Walter Gibbons Disco Madness Remix)_3292
LCDC서울_19,LCDC서울_19,Crash Course_1113
난지한강공원_20,난지한강공원_20,눈누난나 (NUNU NANA)_6815
대조전통시장_21,대조전통시장_21,거리와 너 (Feat. 김태현)_6360
서울특별시교육청 정독도서관_22,서울특별시교육청 정독도서관_22,Illusion_2607
라온아트홀_23,라온아트홀_23,Oh My My (What a Life)_3788
명륜당_24,명륜당_24,SHIVA (Sunburn 2017 Anthem) (Feat. The Golden Army)_4351
남산공원_25,남산공원_25,RNS_4166
봄날아트홀_26,봄날아트홀_26,음악의 신_7839
보신각터_27,보신각터_27,Oh My My (What a Life)_3788
언더스탠드에비뉴_28,언더스탠드에비뉴_28,SEOUL DRIFT_4339
빈티지패션팩토리 용인본점_29,빈티지패션팩토리 용인본점_29,토요일은 밤이 좋아_8164
일산동구 시내_30,일산동구 시내_30,SEOUL DRIFT_4339
일산호수공원_31,일산호수공원_31,Irrelevant_2653
웨스턴돔 A동_32,웨스턴돔 A동_32,SEOUL DRIFT_4339
경의선책거리_33,경의선책거리_33,작은 것들을 위한 시 (Boy With Luv) (Feat. Halsey)_7930
KT&G상상마당 홍대_34,KT&G상상마당 홍대_34,음악의 신_7839
뉴뉴_35,뉴뉴_35,SEOUL DRIFT_4339
남산서울타워_36,남산서울타워_36,The Christmas Song (Chestnuts Roasting On An Open Fire)_5015
디뮤지엄_37,디뮤지엄_37,너의 밤 (Your Night) (Prod. BOYCOLD)_6762
현대백화점 판교점_38,현대백화점 판교점_38,Bounce (feat. Bassjackers)_688
판교박물관_39,판교박물관_39,SEOUL DRIFT_4339
동춘서커스 상설공연장_40,동춘서커스 상설공연장_40,혼자 메리 크리스마스 (Prod. by 키겐)_8292
동대문 문구완구시장_41,동대문 문구완구시장_41,마지막이야 (Last Dance)_7009
동대문디자인플라자(DDP_42,동대문디자인플라자(DDP_42,Magic Bird of Fire (Walter Gibbons Disco Madness Remix)_3292
흥인지문_43,흥인지문_43,RNS_4166
이정웅 스페이스_44,이정웅 스페이스_44,"Me, Myself & I_3358"
벽초지수목원_45,벽초지수목원_45,VENOM_5365
현대프리미엄아울렛 송도점_46,현대프리미엄아울렛 송도점_46,Slidin' (feat. Kodak Black)_4590
톨장군네_47,톨장군네_47,오아시스 (Feat.이재훈)_7752
화성행궁_48,화성행궁_48,Oh My My (What a Life)_3788
방화수류정_49,방화수류정_49,SUMMER BLUE_4382
잠실종합운동장 올림픽주경기장_50,잠실종합운동장 올림픽주경기장_50,Let Me See Yall (Original Mix)_2976
인천항갑문_51,인천항갑문_51,Nobody wants me_3687
템플_52,템플_52,BITTER SWEET_376
안흥지 애련정_53,안흥지 애련정_53,Tempo_4974
이천시립월전미술관_54,이천시립월전미술관_54,대학생 라이프 시각디자인과 Ver._6891
관고전통시장_55,관고전통시장_55,그해 여름 (DO YOU REMEMBER)_6502
명동난타극장_56,명동난타극장_56,Oh My My (What a Life)_3788
그랜드워커힐서울 컨벤션센터_57,그랜드워커힐서울 컨벤션센터_57,Bounce (feat. Bassjackers)_688
롯데백화점 건대스타시티점_58,롯데백화점 건대스타시티점_58,Gas Me Up (Diligent)_1860
팔달문_59,팔달문_59,My Stupid Heart (Explicit Ver.)_3549
에버랜드_60,에버랜드_60,눈누난나 (NUNU NANA)_6815
낙천지_61,낙천지_61,눈누난나 (NUNU NANA)_6815
백운계곡관광지_62,백운계곡관광지_62,눈누난나 (NUNU NANA)_6815
북촌한옥마을_63,북촌한옥마을_63,Sunroof_4836
그레이츠 판교_64,그레이츠 판교_64,RNS_4166
소래역사관_65,소래역사관_65,Oh My My (What a Life)_3788
인천대공원_66,인천대공원_66,사자후(獅子喉)_7391
인천대공원 환경미래관_67,인천대공원 환경미래관_67,Get Deady_1875
서울식물원 식물문화센터_68,서울식물원 식물문화센터_68,눈누난나 (NUNU NANA)_6815
현대시티아울렛 동대문점_69,현대시티아울렛 동대문점_69,혼자 메리 크리스마스 (Prod. by 키겐)_8292
칠궁_70,칠궁_70,"Perfect World (음악이 필요한 순간, 멜론 CF '위로'편)_4006"
청와대 본관_71,청와대 본관_71,Psycho_4128
롯데아울렛 서울역점_72,롯데아울렛 서울역점_72,Oh My My (What a Life)_3788
동대문종합시장_73,동대문종합시장_73,눈물도 아까워 (Feat. 현아 Of 4Minute)_6817
의정부음악도서관_74,의정부음악도서관_74,Viva La Vida_5395
AK플라자 AKTwn점_75,AK플라자 AKTwn점_75,SEOUL DRIFT_4339
수원화성박물관_76,수원화성박물관_76,A-Yo_149
수원화성_77,수원화성_77,The Fire (feat. Tyler James Bellinger)_5028
MUNIVERSE_78,MUNIVERSE_78,이등병의 DM_7858
풍동애니골_79,풍동애니골_79,Gas Me Up (Diligent)_1860
킨텍스 제2전시장_80,킨텍스 제2전시장_80,Dharma_1292
중남미문화원_81,중남미문화원_81,Oh My My (What a Life)_3788
라페스타_82,라페스타_82,Slidin' (feat. Kodak Black)_4590
롯데백화점 영등포점_83,롯데백화점 영등포점_83,Gas Me Up (Diligent)_1860
낙산공원_84,낙산공원_84,Illusion_2607
혜화문_85,혜화문_85,Sunroof_4836
아트스페이스J_86,아트스페이스J_86,음악의 신_7839
남한산성_87,남한산성_87,혼자 메리 크리스마스 (Prod. by 키겐)_8292
모란민속장_88,모란민속장_88,Illusion_2607
렛츠런파크서울_89,렛츠런파크서울_89,꿈같은 알람_6558
흥인지문공원_90,흥인지문공원_90,RNS_4166
서대문형무소역사관_91,서대문형무소역사관_91,RNS_4166
서울풍물시장_92,서울풍물시장_92,아직도 겨울 (A LONG WINTER)_7571
덕수궁돌담길_93,덕수궁돌담길_93,혼자 메리 크리스마스 (Prod. by 키겐)_8292
양재동꽃시장_94,양재동꽃시장_94,사랑의 미로_7339
힐튼가든인 서울강남점_95,힐튼가든인 서울강남점_95,VENOM_5365
틴틴홀_96,틴틴홀_96,음악의 신_7839
세빛섬_97,세빛섬_97,SEOUL DRIFT_4339
청운문학도서관_98,청운문학도서관_98,Mad at Disney_3279
이촌한강공원_99,이촌한강공원_99,여행 Again (Feat. Cautious Clay)_7682
평화랜드_100,평화랜드_100,Mad at Disney_3279
임진각 평화누리_101,임진각 평화누리_101,Eyes On You_1568
"국립공원공단 북한산생태탐방원, 광륜사_102","국립공원공단 북한산생태탐방원, 광륜사_102",Nobody wants me_3687
녹야선원_103,녹야선원_103,눈누난나 (NUNU NANA)_6815
미스터브리즈커피 도봉산입구점_104,미스터브리즈커피 도봉산입구점_104,Nobody wants me_3687
소극장혜화당_105,소극장혜화당_105,돌아버리겠다_6919
신세계백화점 본점_106,신세계백화점 본점_106,prada dem (feat. Offset)_6111
제로띵스_107,제로띵스_107,이미 슬픈 사랑_7871
하이커그라운드_108,하이커그라운드_108,Oh My My (What a Life)_3788
은평한옥마을_109,은평한옥마을_109,Last Breath_2900
보안여관_110,보안여관_110,Irrelevant_2653
창덕궁_111,창덕궁_111,혼자 메리 크리스마스 (Prod. by 키겐)_8292
인사동 문화의거리_112,인사동 문화의거리_112,IZMIR_2585
진관사_113,진관사_113,RNS_4166
서울공예박물관_114,서울공예박물관_114,Oh My My (What a Life)_3788
천주교서울대교구 주교좌 명동대성당_115,천주교서울대교구 주교좌 명동대성당_115,Watermelon Sugar_5470
엠플라자_116,엠플라자_116,SEOUL DRIFT_4339
흑석시장_117,흑석시장_117,Slidin' (feat. Kodak Black)_4590
달마사_118,달마사_118,"Me, Myself & I_3358"
파주디엠지곤돌라_119,파주디엠지곤돌라_119,Colorado_1045
퍼스트가든_120,퍼스트가든_120,Love Your Skin_3200
국립민속박물관 파주_121,국립민속박물관 파주_121,The Fire (feat. Tyler James Bellinger)_5028
지혜의숲_122,지혜의숲_122,Still Need To Love You_4745
파주공룡박물관_123,파주공룡박물관_123,redrum_6120
종묘_124,종묘_124,혼자 메리 크리스마스 (Prod. by 키겐)_8292
현대백화점 무역센터점_125,현대백화점 무역센터점_125,All Dere (Feat. Moneybagg Yo)_226
세포라 파르나스몰점_126,세포라 파르나스몰점_126,Bounce (feat. Bassjackers)_688
광명새빛공원_127,광명새빛공원_127,"Me, Myself & I_3358"
복골캠프_128,복골캠프_128,눈누난나 (NUNU NANA)_6815
롯데에비뉴엘 본점_129,롯데에비뉴엘 본점_129,리듬 타 (RHYTHM TA)_6987
강남역지하상가_130,강남역지하상가_130,New York City Girl_3632
화담숲 곤충생태관_131,화담숲 곤충생태관_131,"Me, Myself & I_3359"
곤지암리조트 스파라스파_132,곤지암리조트 스파라스파_132,hiker_5981
롯데프리미엄아울렛 이천점_133,롯데프리미엄아울렛 이천점_133,우연 (우울한 우연)_7795
현대프리미엄아울렛 김포점_134,현대프리미엄아울렛 김포점_134,The Christmas Song (Chestnuts Roasting On An Open Fire)_5015
스타필드 고양_135,스타필드 고양_135,Cozy Little Christmas_1106
서울우리소리박물관_136,서울우리소리박물관_136,Oh My My (What a Life)_3788
청계천헌책방거리_137,청계천헌책방거리_137,고추잠자리_6409
서울레코드_138,서울레코드_138,노래하며 춤추며_6791
북촌마을서재_139,북촌마을서재_139,천상재회_8067
장안문_140,장안문_140,Nothing_3721
테르메덴_141,테르메덴_141,Hideaway (from 'Wonder Park')_2220
한국민속촌_142,한국민속촌_142,Oh My My (What a Life)_3788
펀시티_143,펀시티_143,Lose Control (Feat. Ciara & Fat Man Scoop)_3100
파미에스테이션_144,파미에스테이션_144,SEOUL DRIFT_4339
AK& 홍대_145,AK& 홍대_145,Slidin' (feat. Kodak Black)_4590
피규어프레소 FP점_146,피규어프레소 FP점_146,비도 오고 그래서 (Feat. 신용재)_7242
알비_147,알비_147,The Fire (feat. Tyler James Bellinger)_5028
춘천삼악산호수케이블카_148,춘천삼악산호수케이블카_148,Nobody wants me_3687
토이로봇관_149,토이로봇관_149,Medley: Frosty the Snow Man/Rudolph the Red-Nosed Reindeer_3367
애니메이션박물관_150,애니메이션박물관_150,토요일은 밤이 좋아_8164
기아 디자인 철학 전시 ppsites United_151,기아 디자인 철학 전시 ppsites United_151,Hey Siri_2213
플레이 더월드 강남점_152,플레이 더월드 강남점_152,redrum_6120
창경궁_153,창경궁_153,그대는 눈물겹다_6459
팔달문화센터_154,팔달문화센터_154,PICK ME_3921
롯데백화점 본점_155,롯데백화점 본점_155,Slidin' (feat. Kodak Black)_4590
국립중앙박물관_156,국립중앙박물관_156,Glue_1944
전쟁기념관 어린이박물관_157,전쟁기념관 어린이박물관_157,Oh My My (What a Life)_3788
국립고궁박물관_158,국립고궁박물관_158,Glue_1944
롯데몰 김포공항점_159,롯데몰 김포공항점_159,Illusion_2607
남산공원 N서울타워_160,남산공원 N서울타워_160,Oh My My (What a Life)_3788
서대문 자연사박물관_161,서대문 자연사박물관_161,2009 TOYOTA_65
청평5일시장_162,청평5일시장_162,straight to the point_6163
펀타임 대학로_163,펀타임 대학로_163,Slidin' (feat. Kodak Black)_4590
인천개항박물관_164,인천개항박물관_164,SEOUL DRIFT_4339
마이랜드_165,마이랜드_165,오아시스 (Feat.이재훈)_7752
몬스터리움_166,몬스터리움_166,Dead Mans Hand (Original Mix)_1245
금빛수로보트하우스_167,금빛수로보트하우스_167,Make It To Christmas_3304
한강중앙공원_168,한강중앙공원_168,눈누난나 (NUNU NANA)_6815
아라마리나클럽하우스_169,아라마리나클럽하우스_169,여행 Again (Feat. Cautious Clay)_7682
아이스타일_170,아이스타일_170,Horurock (Sak Remix)_2326
엘리펀트플라잉_171,엘리펀트플라잉_171,너의 밤 (Your Night) (Prod. BOYCOLD)_6762
가드너스_172,가드너스_172,눈누난나 (NUNU NANA)_6815
갤러리아백화점 광교점_173,갤러리아백화점 광교점_173,Gas Me Up (Diligent)_1860
반포한강공원_174,반포한강공원_174,SEOUL DRIFT_4339
올림픽공원_175,올림픽공원_175,눈누난나 (NUNU NANA)_6815
노들섬_176,노들섬_176,TOMBOY_4901
석파정_177,석파정_177,혼자 메리 크리스마스 (Prod. by 키겐)_8292
제시_178,제시_178,편지_8189
여의도공원_179,여의도공원_179,RNS_4166
평택남부문예회관 대공연장_180,평택남부문예회관 대공연장_180,음악의 신_7839
석남사_181,석남사_181,"Me, Myself & I_3358"
수원탑동시민농장_182,수원탑동시민농장_182,I Love Myself_2472
서울대학교 수원수목원_183,서울대학교 수원수목원_183,눈누난나 (NUNU NANA)_6815
DMZ생생누리_184,DMZ생생누리_184,Light'n Up_3012
파주임진각평화곤돌라 DMZ탑승장_185,파주임진각평화곤돌라 DMZ탑승장_185,Oh My My (What a Life)_3788
커먼그라운드_186,커먼그라운드_186,SEOUL DRIFT_4339
서울어린이대공원_187,서울어린이대공원_187,VENOM_5365
서울어린이대공원 동물원_188,서울어린이대공원 동물원_188,Mad at Disney_3279
한성백제박물관_189,한성백제박물관_189,Tempo_4974
센트럴파크_190,센트럴파크_190,VENOM_5365
코마린 이스트보트하우스 송도지점_191,코마린 이스트보트하우스 송도지점_191,scenic route_6131
월미양궁연습장_192,월미양궁연습장_192,Oh My My (What a Life)_3788
월미테마파크_193,월미테마파크_193,혼자 메리 크리스마스 (Prod. by 키겐)_8292
송도달빛축제공원_194,송도달빛축제공원_194,너의 밤 (Your Night) (Prod. BOYCOLD)_6762
송도타임스페이스_195,송도타임스페이스_195,SEOUL DRIFT_4339
서축공업기념관_196,서축공업기념관_196,Let Me See Yall (Original Mix)_2976
오두산통일전망대_197,오두산통일전망대_197,Texted Back_4983
명필름아트센터_198,명필름아트센터_198,Oh My My (What a Life)_3788
스타필드 하남_199,스타필드 하남_199,Jingle Bell Rock (1983 Version)_2730
이랜드크루즈_200,이랜드크루즈_200,SUMMER BLUE_4382
현대백화점 신촌점_201,현대백화점 신촌점_201,Tempo_4974
신촌파랑고래_202,신촌파랑고래_202,음악의 신_7839
타임스퀘어_203,타임스퀘어_203,SEOUL DRIFT_4339
그라운드시소 성수_204,그라운드시소 성수_204,Destiny (Feat.Shurakano)_1286
인천화교역사관_205,인천화교역사관_205,웬수 (Feat. BIBI)_7825
인천아트플랫폼_206,인천아트플랫폼_206,Let Me See Yall (Original Mix)_2976
마리오아울렛 3관_207,마리오아울렛 3관_207,Slidin' (feat. Kodak Black)_4590
공릉동도깨비시장_208,공릉동도깨비시장_208,벌써 크리스마스_7164
평화문화진지_209,평화문화진지_209,음악의 신_7839
돈의문박물관마을_210,돈의문박물관마을_210,오빠_7749
경희궁_211,경희궁_211,혼자 메리 크리스마스 (Prod. by 키겐)_8292
현대시티아울렛 가산점_212,현대시티아울렛 가산점_212,Gas Me Up (Diligent)_1860
서울특별시 중부공원녹지사업소 서울창포원_213,서울특별시 중부공원녹지사업소 서울창포원_213,눈누난나 (NUNU NANA)_6815
포천아트밸리_214,포천아트밸리_214,Rager teenager!_4177
세운전자상가_215,세운전자상가_215,Bounce (feat. Bassjackers)_688
아침고요수목원_216,아침고요수목원_216,"Me, Myself & I_3359"
하남역사박물관_217,하남역사박물관_217,웬수 (Feat. BIBI)_7825
하남유니온타워_218,하남유니온타워_218,사자후(獅子喉)_7391
선법사_219,선법사_219,Define My Name_1264
광주향교_220,광주향교_220,혼자 메리 크리스마스 (Prod. by 키겐)_8292
미사경정공원 조정카누경기장_221,미사경정공원 조정카누경기장_221,RNS_4166
노량진컵밥거리_222,노량진컵밥거리_222,Slidin' (feat. Kodak Black)_4590
문화역서울284_223,문화역서울284_223,Oh My My (What a Life)_3788
영등포재래시장_224,영등포재래시장_224,벌써 크리스마스_7164
예스파크_225,예스파크_225,음악의 신_7839
NC큐브 커넬워크 겨울동_226,NC큐브 커넬워크 겨울동_226,Oh My My (What a Life)_3788
용문산자연휴양림_227,용문산자연휴양림_227,눈누난나 (NUNU NANA)_6815
쉬자파크_228,쉬자파크_228,RNS_4166
봉은사_229,봉은사_229,Koala_2830
IFC몰_230,IFC몰_230,Slidin' (feat. Kodak Black)_4590
산정랜드_231,산정랜드_231,Oh My My (What a Life)_3788
전통술박물관산사원 본원_232,전통술박물관산사원 본원_232,네게 말해 (이 여름밤)_6787
두타몰_233,두타몰_233,잼잼_7954
평화시장_234,평화시장_234,SEOUL DRIFT_4339
현대백화점 미아점_235,현대백화점 미아점_235,Slidin' (feat. Kodak Black)_4590
현대모터스튜디오 고양_236,현대모터스튜디오 고양_236,Bounce (feat. Bassjackers)_688
인천문화예술회관_237,인천문화예술회관_237,음악의 신_7839
화홍문화예술센터_238,화홍문화예술센터_238,Oh My My (What a Life)_3788
리움미술관_239,리움미술관_239,음악의 신_7839
파랑씨어터_240,파랑씨어터_240,Oh My My (What a Life)_3788
갤러리아백화점 WEST점_241,갤러리아백화점 WEST점_241,Slidin' (feat. Kodak Black)_4590
우정총국시민광장_242,우정총국시민광장_242,Oh My My (What a Life)_3788
운현궁_243,운현궁_243,Crash Course_1113
남양성모성지_244,남양성모성지_244,Mad at Disney_3279
양화한강공원_245,양화한강공원_245,VENOM_5365
어둠속의대화_246,어둠속의대화_246,편지_8189
남산골한옥마을_247,남산골한옥마을_247,RNS_4166
정약용유적지_248,정약용유적지_248,Dharma_1292
프렌즈스크린 덕소점_249,프렌즈스크린 덕소점_249,잼잼_7954
물의정원_250,물의정원_250,"Me, Myself & I_3359"
한강뮤지엄_251,한강뮤지엄_251,I miss u tonight_2534
미호박물관_252,미호박물관_252,별이될께_7188
가회동백인제가옥_253,가회동백인제가옥_253,The Christmas Song (Chestnuts Roasting On An Open Fire)_5015
율동공원_254,율동공원_254,"Me, Myself & I_3359"
봉은사_255,봉은사_255,RNS_4166
서울역사박물관_256,서울역사박물관_256,Oh My My (What a Life)_3788
동해수산시장_257,동해수산시장_257,Slidin' (feat. Kodak Black)_4590
평촌중앙공원_258,평촌중앙공원_258,Winnebago (Feat. Quinn XCII & Daniel Wilson)_5656
범계역광장_259,범계역광장_259,SEOUL DRIFT_4339
서울대공원_260,서울대공원_260,cool_5889
과천향교_261,과천향교_261,황진이_8316
망원한강공원_262,망원한강공원_262,Get Deady_1875
동구릉_263,동구릉_263,Summer Rain_4810
현대프리미엄아울렛 스페이스원_264,현대프리미엄아울렛 스페이스원_264,what i like about u_6220
고구려대장간마을_265,고구려대장간마을_265,Oh My My (What a Life)_3788
롯데백화점 평촌점_266,롯데백화점 평촌점_266,VENOM_5365
앨리웨이 광교_267,앨리웨이 광교_267,눈누난나 (NUNU NANA)_6815
무신사 스탠다드 강남_268,무신사 스탠다드 강남_268,Tempo_4974
롯데팩토리아울렛 가산점_269,롯데팩토리아울렛 가산점_269,The Christmas Song (Chestnuts Roasting On An Open Fire)_5015
블루스퀘어_270,블루스퀘어_270,덤앤더머 (DUMB & DUMBER)_6902
청수장계곡_271,청수장계곡_271,RNS_4166
청계사_272,청계사_272,RNS_4166
아쿠아플라넷 광교_273,아쿠아플라넷 광교_273,Roads_4265
통인시장_274,통인시장_274,그해 여름 (DO YOU REMEMBER)_6502
신세계면세점 명동점_275,신세계면세점 명동점_275,마지막이야 (Last Dance)_7009
서울명예도로 감고당길_276,서울명예도로 감고당길_276,Illusion_2607
자유공원_277,자유공원_277,눈누난나 (NUNU NANA)_6815
서울어린이대공원 식물원_278,서울어린이대공원 식물원_278,Pressure_4094
남산케이블카_279,남산케이블카_279,VENOM_5365
목동종합운동장 목동아이스링크_280,목동종합운동장 목동아이스링크_280,VENOM_5365
예술의전당_281,예술의전당_281,Oh My My (What a Life)_3788
북악팔각정_282,북악팔각정_282,VENOM_5365
마이아트뮤지엄_283,마이아트뮤지엄_283,Bring That Beat_742
지동시장_284,지동시장_284,Oh My My (What a Life)_3788
NC백화점 야탑점_285,NC백화점 야탑점_285,Kardasshian_2772
오이도선사유적공원_286,오이도선사유적공원_286,buy me presents_5860
부평문화의거리_287,부평문화의거리_287,Magic Bird of Fire (Walter Gibbons Disco Madness Remix)_3292
롯데백화점 일산점_288,롯데백화점 일산점_288,Jingle Bell Rock (1983 Version)_2730
국회의사당_289,국회의사당_289,Oh My My (What a Life)_3788
롯데백화점 수원점_290,롯데백화점 수원점_290,혼자 메리 크리스마스 (Prod. by 키겐)_8292
수원시립미술관_291,수원시립미술관_291,음악의 신_7839
가평잣고을시장 창업경제타운_292,가평잣고을시장 창업경제타운_292,Oh My My (What a Life)_3788
롯데백화점 동탄점_293,롯데백화점 동탄점_293,Slow_4592
아쿠아플라넷63_294,아쿠아플라넷63_294,No Angel_3652
신세계센트럴시티_295,신세계센트럴시티_295,SEOUL DRIFT_4339
아침고요수목원입구_296,아침고요수목원입구_296,VENOM_5365
쁘띠프랑스_297,쁘띠프랑스_297,내 심장이 뛰어요 (Feat. 숙희)_6671
소래포구종합어시장_298,소래포구종합어시장_298,ZIPLOCK_5811
신세계백화점 타임스퀘어점_299,신세계백화점 타임스퀘어점_299,RNS_4166
선유도공원_300,선유도공원_300,"Me, Myself & I_3359"
아트포레스트_301,아트포레스트_301,음악의 신_7839
양재시민의숲_302,양재시민의숲_302,눈누난나 (NUNU NANA)_6815
2001아울렛 천호점_303,2001아울렛 천호점_303,Illusion_2607
남대문시장_304,남대문시장_304,Christmas EveL_980
현대백화점 압구정본점_305,현대백화점 압구정본점_305,SEOUL DRIFT_4339
레솔레파크_306,레솔레파크_306,Bloom_631
신북리조트 스프링폴_307,신북리조트 스프링폴_307,눈누난나 (NUNU NANA)_6815
허브아일랜드 불빛동화축제_308,허브아일랜드 불빛동화축제_308,우리의 새벽은 낮보다 뜨겁다_7789
서울 선릉과 정릉_309,서울 선릉과 정릉_309,It Came Upon A Midnight Clear_2665
연인산도립공원_310,연인산도립공원_310,I Love Myself_2472
김포함상공원_311,김포함상공원_311,전하고 싶은데_7966
대명항수산물직판장_312,대명항수산물직판장_312,Not Like Us_3705
인사센트럴뮤지엄_313,인사센트럴뮤지엄_313,Oh My My (What a Life)_3788
마로니에공원_314,마로니에공원_314,Oh My My (What a Life)_3788
안산화랑공원_315,안산화랑공원_315,Love Your Skin_3200
유리섬박물관_316,유리섬박물관_316,혼자 메리 크리스마스 (Prod. by 키겐)_8292
아이존팝 광명철산점_317,아이존팝 광명철산점_317,Mad at Disney_3279
청량리전통시장_318,청량리전통시장_318,Get Deady_1875
성남제1공단 근린공원_319,성남제1공단 근린공원_319,눈누난나 (NUNU NANA)_6815
상상의문 분당서현점_320,상상의문 분당서현점_320,Kundalini_2837
대한불교 조계종 심학산 약천사_321,대한불교 조계종 심학산 약천사_321,Define My Name_1264
문산자유시장_322,문산자유시장_322,딸기 샴푸_6947
프로방스마을_323,프로방스마을_323,Tempo_4974
미메시스아트뮤지엄_324,미메시스아트뮤지엄_324,편지_8189
금촌통일시장_325,금촌통일시장_325,소중한 그대에게 (Feat. 이하늘)_7468
플라이스테이션코리아_326,플라이스테이션코리아_326,Dead Mans Hand (Original Mix)_1245
창신동 완구거리_327,창신동 완구거리_327,보이지 않는 사랑_7203
쌈지길_328,쌈지길_328,IZMIR_2585
소우주_329,소우주_329,편지_8189
세운청계상가_330,세운청계상가_330,Illusion_2607
서울특별시 교육청과학전시관 남산분관_331,서울특별시 교육청과학전시관 남산분관_331,This Ain't Techno_5139
카자구루마_332,카자구루마_332,마지막이야 (Last Dance)_7009
인천어린이과학관_333,인천어린이과학관_333,Bounce (feat. Bassjackers)_688
남대문로 지하쇼핑센터_334,남대문로 지하쇼핑센터_334,혼자 메리 크리스마스 (Prod. by 키겐)_8292
황리단길_335,황리단길_335,그해 여름 (DO YOU REMEMBER)_6502
동궁과월지_336,동궁과월지_336,황진이_8316
시흥프리미엄아울렛_337,시흥프리미엄아울렛_337,VENOM_5365
신포국제시장_338,신포국제시장_338,Watermelon Sugar_5470
현대백화점 목동점_339,현대백화점 목동점_339,SEOUL DRIFT_4339
대학로예술극장_340,대학로예술극장_340,음악의 신_7839
장충단공원_341,장충단공원_341,SEOUL DRIFT_4339
예스24라이브홀_342,예스24라이브홀_342,Invisible Children_2649
모란종합시장_343,모란종합시장_343,LA On A Saturday Night_2847
경기도남한산성세계유산센터_344,경기도남한산성세계유산센터_344,Guitars and Drugs_2036
남한산성공원_345,남한산성공원_345,"Me, Myself & I_3359"
트라이보울_346,트라이보울_346,RNS_4166
인천도시역사관_347,인천도시역사관_347,RNS_4166
국제갤러리_348,국제갤러리_348,Let Me See Yall (Original Mix)_2976
스타필드시티 부천_349,스타필드시티 부천_349,그해 여름 (DO YOU REMEMBER)_6502
롯데프리미엄아울렛 타임빌라스_350,롯데프리미엄아울렛 타임빌라스_350,Winwin_5666
전곡선사박물관_351,전곡선사박물관_351,"스물다섯, 스물하나_7493"
연천전곡리선사유적지_352,연천전곡리선사유적지_352,YEAH RIGHT_5726
탑골공원_353,탑골공원_353,밤과 별의 노래 (Starry Night)_7136
대한민국역사박물관_354,대한민국역사박물관_354,Oh My My (What a Life)_3788
서울함공원_355,서울함공원_355,"Wa (Feat. 주희, Rap. Bigtone of BLESS ONE)_5420"
충무아트센터 대극장_356,충무아트센터 대극장_356,너의 밤 (Your Night) (Prod. BOYCOLD)_6762
효원공원_357,효원공원_357,집중력을 높여주는 자연의 빗소리_8036
화서시장_358,화서시장_358,SEOUL DRIFT_4339
우산각어린이공원_359,우산각어린이공원_359,눈누난나 (NUNU NANA)_6815
아쿠아플라넷 일산_360,아쿠아플라넷 일산_360,I Have Nothing_2444
국립항공박물관_361,국립항공박물관_361,redrum_6120
봉선사_362,봉선사_362,눈누난나 (NUNU NANA)_6815
국립수목원_363,국립수목원_363,RNS_4166
팔달문시장_364,팔달문시장_364,SEOUL DRIFT_4339
안성팜랜드_365,안성팜랜드_365,눈누난나 (NUNU NANA)_6815
짜장면박물관_366,짜장면박물관_366,Not Like Us_3705
빽투더레트로_367,빽투더레트로_367,좋아_7990
나이스스크린골프_368,나이스스크린골프_368,눈누난나 (NUNU NANA)_6815
주렁주렁 동탄라크몽점_369,주렁주렁 동탄라크몽점_369,"Me, Myself & I_3358"
호계체육관_370,호계체육관_370,Oh My My (What a Life)_3788
피규어뮤지엄W_371,피규어뮤지엄W_371,편지_8189
현대모터스튜디오 서울_372,현대모터스튜디오 서울_372,Savage_4428
서울시새활용플라자_373,서울시새활용플라자_373,Bounce (feat. Bassjackers)_688
파주DMZ곤돌라_374,파주DMZ곤돌라_374,Oh My My (What a Life)_3788
라인프렌즈 월드 팝업스토어_375,라인프렌즈 월드 팝업스토어_375,Slidin' (feat. Kodak Black)_4590
크리스찬 디올 성수_376,크리스찬 디올 성수_376,Slidin' (feat. Kodak Black)_4590
별빛마을포토랜드_377,별빛마을포토랜드_377,혼자 메리 크리스마스 (Prod. by 키겐)_8292
에이치씨어터_378,에이치씨어터_378,음악의 신_7839
장경리해변_379,장경리해변_379,"Me, Myself & I_3358"
양평곤충박물관_380,양평곤충박물관_380,RNS_4166
안산다문화거리_381,안산다문화거리_381,RNS_4166
콤콤오락실_382,콤콤오락실_382,Medley: Frosty the Snow Man/Rudolph the Red-Nosed Reindeer_3367
카카오프렌즈 홍대플래그십스토어_383,카카오프렌즈 홍대플래그십스토어_383,Dynamite (Holiday Remix)_1456
인천상륙작전기념관_384,인천상륙작전기념관_384,RNS_4166
종묘귀금속전문백화점_385,종묘귀금속전문백화점_385,Slidin' (feat. Kodak Black)_4590
상암문화광장_386,상암문화광장_386,Oh My My (What a Life)_3788
시장길_387,시장길_387,ZIPLOCK_5811
고양어린이박물관_388,고양어린이박물관_388,VENOM_5365
인천종합어시장_389,인천종합어시장_389,Not Like Us_3705
원마운트_390,원마운트_390,이미 슬픈 사랑_7870
대릉원_391,대릉원_391,It Came Upon A Midnight Clear_2665
크라운수상레저_392,크라운수상레저_392,눈누난나 (NUNU NANA)_6815
하마씨어터_393,하마씨어터_393,Bring That Beat_742
세미원_394,세미원_394,cool_5889
물의정원 자전거_395,물의정원 자전거_395,"Me, Myself & I_3359"
설화수의집 북촌_396,설화수의집 북촌_396,RNS_4166
코너갤러리_397,코너갤러리_397,Light My Body Up (Feat. Nicki Minaj & Lil Wayne) (Tujamo Remix)_3010
고양어울림누리 얼음마루_398,고양어울림누리 얼음마루_398,혼자 메리 크리스마스 (Prod. by 키겐)_8292
순라길_399,순라길_399,전하고 싶은데_7966
가나아트파크_400,가나아트파크_400,Oh My My (What a Life)_3788
행궁파티_401,행궁파티_401,마지막이야 (Last Dance)_7009
아쿠아필드 안성_402,아쿠아필드 안성_402,인턴 루피의 회사생활_7893
홍대동물원_403,홍대동물원_403,My Stupid Heart (Explicit Ver.)_3549
서울시립미술관 서소문본관_404,서울시립미술관 서소문본관_404,너의 밤 (Your Night) (Prod. BOYCOLD)_6762
"동장대,연무장_405","동장대,연무장_405",시간을 건너 (Feat. 조하)_7504
영녕릉 세종대왕유적지구 세종대왕릉_406,영녕릉 세종대왕유적지구 세종대왕릉_406,혼자 메리 크리스마스 (Prod. by 키겐)_8292
용인어린이상상의숲_407,용인어린이상상의숲_407,redrum_6120
늘예솔전원마을_408,늘예솔전원마을_408,Oh My My (What a Life)_3788
백두대간_409,백두대간_409,VENOM_5365
가로수길_410,가로수길_410,SEOUL DRIFT_4339
우리유황온천_411,우리유황온천_411,It's Hell in Here Tonight_2678
나리공원_412,나리공원_412,"Me, Myself & I_3358"
의정부부대찌개거리_413,의정부부대찌개거리_413,Only The Young (Featured in Miss Americana)_3865
한국이민사박물관_414,한국이민사박물관_414,역쩐인생:가난한 남자_7684
미술관옆사진관_415,미술관옆사진관_415,Oh My My (What a Life)_3788
삼청공원_416,삼청공원_416,눈누난나 (NUNU NANA)_6815
아이사구아_417,아이사구아_417,혼자 메리 크리스마스 (Prod. by 키겐)_8292
북한산국립공원_418,북한산국립공원_418,RNS_4166
서울시립미술관 북서울미술관_419,서울시립미술관 북서울미술관_419,음악의 신_7839
플라잉수원_420,플라잉수원_420,VENOM_5365
국토지리정보원 지도박물관_421,국토지리정보원 지도박물관_421,RNS_4166
유아트스페이스_422,유아트스페이스_422,Destiny (Feat.Shurakano)_1286
아더 신사 스페이스_423,아더 신사 스페이스_423,Oh My My (What a Life)_3788
정샘물 플롭스_424,정샘물 플롭스_424,Slidin' (feat. Kodak Black)_4590
홍익스포츠스파_425,홍익스포츠스파_425,Dead Mans Hand (Original Mix)_1245
미리내성지_426,미리내성지_426,O Holy Night_3749
익선슈팅클럽_427,익선슈팅클럽_427,혼자 메리 크리스마스 (Prod. by 키겐)_8292
웨스틴조선 서울 수영장_428,웨스틴조선 서울 수영장_428,Bali Palace Hotel_462
롯데면세점 명동본점_429,롯데면세점 명동본점_429,혼자 메리 크리스마스 (Prod. by 키겐)_8292
롯데백화점 명동본점_430,롯데백화점 명동본점_430,Ferrari_1689
잼라운지_431,잼라운지_431,Mad at Disney_3279
그라운드시소 서촌_432,그라운드시소 서촌_432,대학생 라이프 시각디자인과 Ver._6891
소마미술관_433,소마미술관_433,Destiny (Feat.Shurakano)_1286
아트스페이스 광교_434,아트스페이스 광교_434,Bring That Beat_742
숭례문_435,숭례문_435,Oh My My (What a Life)_3788
아브뉴프랑 판교_436,아브뉴프랑 판교_436,SEOUL DRIFT_4339
베이크샵 켜켜이_437,베이크샵 켜켜이_437,The Fire (feat. Tyler James Bellinger)_5028
탄도항_438,탄도항_438,"Me, Myself & I_3358"
누에섬_439,누에섬_439,West Coast_5523
전곡종합수산시장_440,전곡종합수산시장_440,Not Like Us_3705
탄도어항수산물직판장_441,탄도어항수산물직판장_441,Dead Mans Hand (Original Mix)_1245
황순원문학관 소나기마을_442,황순원문학관 소나기마을_442,Irrelevant_2653
뉴코아아울렛 광명점_443,뉴코아아울렛 광명점_443,Jingle Bell Rock (1983 Version)_2730
롯데백화점 인천점_444,롯데백화점 인천점_444,Illusion_2607
서울숲_445,서울숲_445,Nobody wants me_3687
먼치스앤구디스_446,먼치스앤구디스_446,SEOUL DRIFT_4339
나이스웨더 마켓_447,나이스웨더 마켓_447,Pure Water_4136
프로젝트렌트 6호점_448,프로젝트렌트 6호점_448,음악의 신_7839
콘텐츠플래닝_449,콘텐츠플래닝_449,Light My Body Up (Feat. Nicki Minaj & Lil Wayne) (Tujamo Remix)_3010
오산오색시장_450,오산오색시장_450,벌써 크리스마스_7164
섬세이 테라리움_451,섬세이 테라리움_451,Nobody wants me_3687
일상비일상의틈_452,일상비일상의틈_452,Mad at Disney_3279
R&J씨어터_453,R&J씨어터_453,청춘찬가_8086
모비딕수상레저_454,모비딕수상레저_454,SCREAM!_4336
국립현대미술관 과천관_455,국립현대미술관 과천관_455,너의 밤 (Your Night) (Prod. BOYCOLD)_6762
롯데백화점 강남점_456,롯데백화점 강남점_456,Slidin' (feat. Kodak Black)_4590
파주삼릉_457,파주삼릉_457,Love Your Skin_3200
덕평공룡수목원_458,덕평공룡수목원_458,Pretty Lady_4109
안양예술공원_459,안양예술공원_459,Nxde_3747
안양중앙시장_460,안양중앙시장_460,Not Like Us_3705
"안양박물관, 김중섭박물관_461","안양박물관, 김중섭박물관_461",음악의 신_7839
국립서울현충원_462,국립서울현충원_462,ocean eyes_6089
안성맞춤랜드_463,안성맞춤랜드_463,Oh My My (What a Life)_3788
롤파크_464,롤파크_464,VENOM_5365
신당동떡볶이타운_465,신당동떡볶이타운_465,그해 여름 (DO YOU REMEMBER)_6502
신세계프리미엄아울렛 여주_466,신세계프리미엄아울렛 여주_466,멈칫하던 순간_7037
갤러리아백화점 EAST점_467,갤러리아백화점 EAST점_467,Tempo_4974
한국은행 화폐박물관_468,한국은행 화폐박물관_468,Oh My My (What a Life)_3788
옥천레포츠공원_469,옥천레포츠공원_469,눈누난나 (NUNU NANA)_6815
실학박물관_470,실학박물관_470,Oh My My (What a Life)_3788
다산생태공원_471,다산생태공원_471,눈누난나 (NUNU NANA)_6815
별빛정원 우주_472,별빛정원 우주_472,우리의 새벽은 낮보다 뜨겁다_7789
엔터식스 안양역점_473,엔터식스 안양역점_473,All Dere (Feat. Moneybagg Yo)_226
천마정_474,천마정_474,Nobody wants me_3687
놀로 아쿠아센터_475,놀로 아쿠아센터_475,Only The Young (Featured in Miss Americana)_3865
악쓰는하마 코인노래연습장_476,악쓰는하마 코인노래연습장_476,Derp (Original Mix)_1275
롯데백화점 구리점_477,롯데백화점 구리점_477,시티팝 (City pop)_7516
솔찬공원_478,솔찬공원_478,눈누난나 (NUNU NANA)_6815
경반계곡_479,경반계곡_479,"Me, Myself & I_3359"
문호종묘_480,문호종묘_480,Oh My My (What a Life)_3788
롯데아울렛 광교점_481,롯데아울렛 광교점_481,Slidin' (feat. Kodak Black)_4590
수원광교박물관_482,수원광교박물관_482,Dharma_1292
용문사_483,용문사_483,Oh My My (What a Life)_3788
한국근현대사박물관_484,한국근현대사박물관_484,Oh My My (What a Life)_3788
웅진플레이도시_485,웅진플레이도시_485,잼잼_7954
63빌딩 에릭요한슨 사진전_486,63빌딩 에릭요한슨 사진전_486,대학생 라이프 시각디자인과 Ver._6891
인천SSG랜더스필드_487,인천SSG랜더스필드_487,Tempo_4974
부평역사박물관_488,부평역사박물관_488,Dharma_1292
베어스타운_489,베어스타운_489,눈누난나 (NUNU NANA)_6815
파운드리 서울_490,파운드리 서울_490,Oh My My (What a Life)_3788
아뜰리에아키_491,아뜰리에아키_491,청춘찬가_8086
폴스타아트 갤러리_492,폴스타아트 갤러리_492,Destiny (Feat.Shurakano)_1286
평택호관광단지_493,평택호관광단지_493,"Me, Myself & I_3359"
신라면세점 서울점_494,신라면세점 서울점_494,혼자 메리 크리스마스 (Prod. by 키겐)_8292
레저친구_495,레저친구_495,RNS_4166
이회영기념관_496,이회영기념관_496,RNS_4166
두부마을_497,두부마을_497,벌써 크리스마스_7164
반포대교 달빛무지개분수_498,반포대교 달빛무지개분수_498,너의 밤 (Your Night) (Prod. BOYCOLD)_6762
고투몰_499,고투몰_499,Illusion_2607
경의선숲길공원_500,경의선숲길공원_500,눈누난나 (NUNU NANA)_6815
효사정_501,효사정_501,I Got You_2439
가평레저파크_502,가평레저파크_502,VENOM_5365
LS용산타워_503,LS용산타워_503,SEOUL DRIFT_4339
DDP패션몰_504,DDP패션몰_504,Slidin' (feat. Kodak Black)_4590
지투존 영등포점_505,지투존 영등포점_505,redrum_6120
콩치노 콩크리트_506,콩치노 콩크리트_506,RNS_4166
롯데프리미엄아울렛 파주점_507,롯데프리미엄아울렛 파주점_507,그해 여름 (DO YOU REMEMBER)_6502
소령원 장단콩 두부마을_508,소령원 장단콩 두부마을_508,Beach House_495
진주성_509,진주성_509,황진이_8316
호반전망대_510,호반전망대_510,Sergio_4484
오이도 빨강등대_511,오이도 빨강등대_511,발작 (發作)_7134
시흥배곧한울공원_512,시흥배곧한울공원_512,VENOM_5365
시흥갯골생태공원_513,시흥갯골생태공원_513,눈누난나 (NUNU NANA)_6815
소마드로잉카페 홍대점_514,소마드로잉카페 홍대점_514,Rager teenager!_4177
볼원볼링센터_515,볼원볼링센터_515,Hands On Me (feat. Meghan Trainor)_2083
가든파이브_516,가든파이브_516,SEOUL DRIFT_4339
인천아트센터_517,인천아트센터_517,Oh My My (What a Life)_3788
국립과천과학관_518,국립과천과학관_518,Illusion_2607
모옌 부천점_519,모옌 부천점_519,편지_8189
롯데백화점 중동점_520,롯데백화점 중동점_520,VENOM_5365
더그림_521,더그림_521,I’ll Still Have Me_2693
관악산둘레길 애국의숲길1구간_522,관악산둘레길 애국의숲길1구간_522,눈누난나 (NUNU NANA)_6815
송도센트럴공원 꽃사슴정원_523,송도센트럴공원 꽃사슴정원_523,RNS_4166
코리아 주얼랜드_524,코리아 주얼랜드_524,Slidin' (feat. Kodak Black)_4590
미란다호텔이천 스파플러스_525,미란다호텔이천 스파플러스_525,redrum_6120
안흥지_526,안흥지_526,눈누난나 (NUNU NANA)_6815
영등포공원_527,영등포공원_527,RNS_4166
온릉_528,온릉_528,끝_6567
여의도공원 문화의마당_529,여의도공원 문화의마당_529,Oh My My (What a Life)_3788
화성융릉과건릉_530,화성융릉과건릉_530,I'm In California_2550
양주전통문화축제_531,양주전통문화축제_531,Oh My My (What a Life)_3788
회암사지박물관_532,회암사지박물관_532,flex (Prod. By 기리보이)_5939
킨텍스 제1전시장_533,킨텍스 제1전시장_533,Mad at Disney_3279
제일평화시장_534,제일평화시장_534,Illusion_2607
예래원_535,예래원_535,눈누난나 (NUNU NANA)_6815
구리타워_536,구리타워_536,Shoot Out_4535
싱싱종합어시장_537,싱싱종합어시장_537,Not Like Us_3705
현대백화점 디큐브시티점_538,현대백화점 디큐브시티점_538,Tempo_4974
엔보트 고양점_539,엔보트 고양점_539,Drip Drop_1428
발트바우_540,발트바우_540,그대안의 블루_6469
서울시립미술관 남서울미술관_541,서울시립미술관 남서울미술관_541,Oh My My (What a Life)_3788
예그린씨어터_542,예그린씨어터_542,Invisible Children_2649
공간갑_543,공간갑_543,음악의 신_7839
아르켓 가로수길점_544,아르켓 가로수길점_544,SEOUL DRIFT_4339
낙원악기상가_545,낙원악기상가_545,Glue_1944
LG아트센터 서울_546,LG아트센터 서울_546,대학생 라이프 시각디자인과 Ver._6891
한국민속촌 자동차극장_547,한국민속촌 자동차극장_547,나를 잊지마요_6593
국립유명산자연휴양림_548,국립유명산자연휴양림_548,남자 없이 잘 살아_6645
기억저장소_549,기억저장소_549,전하고 싶은데_7966
병목안시민공원_550,병목안시민공원_550,VENOM_5365
가평군어린이음악놀이터_551,가평군어린이음악놀이터_551,We Are Stars (Feat. Alyssa Reid)_5486
신해철작업실_552,신해철작업실_552,Invisible Children_2649
딜쿠샤_553,딜쿠샤_553,Oh My My (What a Life)_3788
파라다이스시티 플라자_554,파라다이스시티 플라자_554,혼자 메리 크리스마스 (Prod. by 키겐)_8292
씨사이드파크_555,씨사이드파크_555,RNS_4166
한국만화박물관_556,한국만화박물관_556,Christmas EveL_980
바람새마을_557,바람새마을_557,"Me, Myself & I_3359"
상촌재_558,상촌재_558,무정 블루스_7066
광야아트센터_559,광야아트센터_559,대학생 라이프 시각디자인과 Ver._6891
광명시민회관_560,광명시민회관_560,너의 밤 (Your Night) (Prod. BOYCOLD)_6762
플라츠2_561,플라츠2_561,리듬 타 (RHYTHM TA)_6987
이뜨랜수상레저_562,이뜨랜수상레저_562,눈누난나 (NUNU NANA)_6815
호암미술관_563,호암미술관_563,혼자 메리 크리스마스 (Prod. by 키겐)_8292
수도국산 달동네박물관_564,수도국산 달동네박물관_564,RNS_4166
에이커_565,에이커_565,EXIT 9_1468
홍건익가옥_566,홍건익가옥_566,It Came Upon A Midnight Clear_2665
쉐라톤그랜드 인천호텔 6층 수영장_567,쉐라톤그랜드 인천호텔 6층 수영장_567,VENOM_5365
아트필드갤러리_568,아트필드갤러리_568,Light My Body Up (Feat. Nicki Minaj & Lil Wayne) (Tujamo Remix)_3010
러빙베이_569,러빙베이_569,마지막이야 (Last Dance)_7009
노보텔 스위트 앰배서더 서울 용산_570,노보텔 스위트 앰배서더 서울 용산_570,VENOM_5365
철도박물관_571,철도박물관_571,Hands On Me (feat. Meghan Trainor)_2083
수원메쎄_572,수원메쎄_572,별이될께_7188
남산둘레길_573,남산둘레길_573,Oh My My (What a Life)_3788
난지공원 산책로_574,난지공원 산책로_574,눈누난나 (NUNU NANA)_6815
라온드뷰_575,라온드뷰_575,너나 해 (Egotistic)_6723
나인블럭 서종점_576,나인블럭 서종점_576,Nobody wants me_3687
현대프리미엄아울렛 송도점_577,현대프리미엄아울렛 송도점_577,혼자 메리 크리스마스 (Prod. by 키겐)_8292
송도 센트럴파크_578,송도 센트럴파크_578,I Love Myself_2472
국립한글박물관_579,국립한글박물관_579,Oh My My (What a Life)_3788
아르코미술관_580,아르코미술관_580,음악의 신_7839
드림아트센터_581,드림아트센터_581,편지_8189
월미바다역_582,월미바다역_582,너나 해 (Egotistic)_6723
넥스트에디션 보네르관_583,넥스트에디션 보네르관_583,음오아예 (Um Oh Ah Yeh)_7841
캠프통포레스트_584,캠프통포레스트_584,Oh My My (What a Life)_3788
아크앤북 이태원점_585,아크앤북 이태원점_585,천상재회_8067
사직단_586,사직단_586,Sunroof_4836
아난티코드_587,아난티코드_587,눈누난나 (NUNU NANA)_6815
도산공원 도산안창호기념관_588,도산공원 도산안창호기념관_588,You Deserve It All_5765
청담동명품거리_589,청담동명품거리_589,Tempo_4974
행리단길_590,행리단길_590,Slidin' (feat. Kodak Black)_4590
볼원볼링장_591,볼원볼링장_591,redrum_6120
삼성산성지_592,삼성산성지_592,Oh My My (What a Life)_3788
용인농촌테마파크_593,용인농촌테마파크_593,I Do Me_2407
와우정사_594,와우정사_594,RNS_4166
샤갈의눈내리는마을_595,샤갈의눈내리는마을_595,음악의 신_7839
두리랜드_596,두리랜드_596,마지막이야 (Last Dance)_7009
DMZ 장단콩두부마을_597,DMZ 장단콩두부마을_597,Sunroof_4836
파주프리미엄아울렛_598,파주프리미엄아울렛_598,Jingle Bell Rock (1983 Version)_2730
부천자연생태공원_599,부천자연생태공원_599,"Me, Myself & I_3358"
수원향교_600,수원향교_600,네게 말해 (이 여름밤)_6787
조인폴리아 파주농장_601,조인폴리아 파주농장_601,RNS_4166
아더 스페이스 2.0 플래그십 스토어_602,아더 스페이스 2.0 플래그십 스토어_602,도깨비불 (Illusion)_6906
인천환경공단 송도스포츠파크_603,인천환경공단 송도스포츠파크_603,눈누난나 (NUNU NANA)_6815
파사성_604,파사성_604,"Me, Myself & I_3359"
공간와디즈_605,공간와디즈_605,Oh My My (What a Life)_3788
성수연방_606,성수연방_606,Oh My My (What a Life)_3788
설문스파랜드_607,설문스파랜드_607,휴일 (Lazy)_8321
효자촌 먹자골목(강남면옥)_608,효자촌 먹자골목(강남면옥)_608,Nobody wants me_3687
경춘선숲길갤러리_609,경춘선숲길갤러리_609,redrum_6120
네이버 파트너스퀘어 역삼_610,네이버 파트너스퀘어 역삼_610,Illusion_2607
장릉_611,장릉_611,ASAP_169
이천보고가_612,이천보고가_612,RNS_4166
호명호수_613,호명호수_613,눈누난나 (NUNU NANA)_6815
신사동가로수길_614,신사동가로수길_614,Oh My My (What a Life)_3788
필룩스조명박물관_615,필룩스조명박물관_615,혼자 메리 크리스마스 (Prod. by 키겐)_8292
여주농촌테마공원 본관_616,여주농촌테마공원 본관_616,I Do Me_2407
신륵사관광지_617,신륵사관광지_617,RNS_4166
향남힐링스파_618,향남힐링스파_618,Coffee House_1032
AK플라자 평택점_619,AK플라자 평택점_619,All Dere (Feat. Moneybagg Yo)_226
카카오스크린골프&펍 위례점_620,카카오스크린골프&펍 위례점_620,Dead Mans Hand (Original Mix)_1245
건국대학교 일감호_621,건국대학교 일감호_621,눈누난나 (NUNU NANA)_6815
현대카드 바이닐앤플라스틱 (배달의 민족 팝업스토어)_622,현대카드 바이닐앤플라스틱 (배달의 민족 팝업스토어)_622,Crash Course_1113
궁평항_623,궁평항_623,LOBSTER KING_2865
상주활공랜드_624,상주활공랜드_624,VENOM_5365
문강 유황온천원탕사우나_625,문강 유황온천원탕사우나_625,Take Me Higher_4920
쎈토이박물관_626,쎈토이박물관_626,Candy_868
웨이브서프_627,웨이브서프_627,눈누난나 (NUNU NANA)_6815
파주놀이구름_628,파주놀이구름_628,사랑한 후에_7365
오이도종합어시장_629,오이도종합어시장_629,The Fire (feat. Tyler James Bellinger)_5028
효창공원_630,효창공원_630,황진이_8316
광림아트센터 BBCH홀_631,광림아트센터 BBCH홀_631,음악의 신_7839
와이즈파크_632,와이즈파크_632,SEOUL DRIFT_4339
키득키득아트홀_633,키득키득아트홀_633,redrum_6120
어쩌다산책_634,어쩌다산책_634,RNS_4166
경희대학교 국제캠퍼스_635,경희대학교 국제캠퍼스_635,Not Like Us_3705
플레이인 더박스 건대점_636,플레이인 더박스 건대점_636,redrum_6120
서울로 PH_637,서울로 PH_637,Illusion_2607
콘텐츠박스_638,콘텐츠박스_638,음악의 신_7839
안양 농수산물도매시장_639,안양 농수산물도매시장_639,그해 여름 (DO YOU REMEMBER)_6502
CN스파_640,CN스파_640,Coffee House_1032
롯데백화점 노원점 VIP Var_641,롯데백화점 노원점 VIP Var_641,VENOM_5365
디도재즈라운지_642,디도재즈라운지_642,Hush_2379
서순라길 K 주얼리 종로페스티벌_643,서순라길 K 주얼리 종로페스티벌_643,혼자 메리 크리스마스 (Prod. by 키겐)_8292
김포아트빌리지_644,김포아트빌리지_644,음악의 신_7839
이태원앤틱가구거리_645,이태원앤틱가구거리_645,거리와 너 (Feat. 김태현)_6360
니지모리스튜디오_646,니지모리스튜디오_646,우리의 새벽은 낮보다 뜨겁다_7789
서해랑 제부도해상케이블카 전곡정류장_647,서해랑 제부도해상케이블카 전곡정류장_647,VENOM_5365
코버월드_648,코버월드_648,redrum_6120
운길산콩마을_649,운길산콩마을_649,Le chateau_2931
축령산자연휴양림 매표소_650,축령산자연휴양림 매표소_650,눈누난나 (NUNU NANA)_6815
코드케이 인천구월점_651,코드케이 인천구월점_651,RNS_4166
스타필드시티 위례_652,스타필드시티 위례_652,SEOUL DRIFT_4339
포천종합운동장_653,포천종합운동장_653,Universe (Let's Play Ball)_5335
나인블럭 가평점_654,나인블럭 가평점_654,Bad Girl Good Girl_444
공산성_655,공산성_655,혼자 메리 크리스마스 (Prod. by 키겐)_8292
예림당아트홀_656,예림당아트홀_656,음악의 신_7839
아트원씨어터 1관_657,아트원씨어터 1관_657,활활 (Burn It Up)_8315
인천향교_658,인천향교_658,SHIVA (Sunburn 2017 Anthem) (Feat. The Golden Army)_4351
부평풍물대축제_659,부평풍물대축제_659,I'll Be Home For Christmas_2540
상동호수공원 분수광장_660,상동호수공원 분수광장_660,눈누난나 (NUNU NANA)_6815
원당성사화훼단지_661,원당성사화훼단지_661,Owairaka_3915
통일동산두부마을_662,통일동산두부마을_662,SUMMER BLUE_4382
영은미술관_663,영은미술관_663,편지_8189
백남준아트센터_664,백남준아트센터_664,음악의 신_7839
서울로7017_665,서울로7017_665,SEOUL DRIFT_4339
화성종합경기타운_666,화성종합경기타운_666,Battle Sirens (Ephwurd Remix)_472
행주산성 매표소_667,행주산성 매표소_667,Lucky_3234
행주산성역사공원_668,행주산성역사공원_668,"Let It Roll (From ""The Garfield Movie"")_2966"
놀숲 동탄남광장점_669,놀숲 동탄남광장점_669,Viva La Vida_5395
여주오곡나루축제_670,여주오곡나루축제_670,VENOM_5365
율곡수목원_671,율곡수목원_671,눈누난나 (NUNU NANA)_6815
크리스월드_672,크리스월드_672,"Me, Myself & I_3358"
레스트_673,레스트_673,마지막 너의 인사_7002
더플레인_674,더플레인_674,Dead Mans Hand (Original Mix)_1245
마켓가든_675,마켓가든_675,남자 없이 잘 살아_6645
하늘궁_676,하늘궁_676,Let Me Tell You Something_2978
서오릉_677,서오릉_677,혼자 메리 크리스마스 (Prod. by 키겐)_8292
한택식물원_678,한택식물원_678,Don't Kill My Vibe_1355
예크생물원_679,예크생물원_679,"Me, Myself & I_3359"
에스플래닛_680,에스플래닛_680,Let Me See Yall (Original Mix)_2976
아름지기_681,아름지기_681,혼자 메리 크리스마스 (Prod. by 키겐)_8292
사우스스프링스CC_682,사우스스프링스CC_682,Irrelevant_2653
평강랜드_683,평강랜드_683,"Me, Myself & I_3359"
경동시장_684,경동시장_684,그해 여름 (DO YOU REMEMBER)_6502
경복궁_685,경복궁_685,BTD (Before The Dawn)_391
덕암사_686,덕암사_686,Koala_2830
강서구청 뒷골목_687,강서구청 뒷골목_687,인턴 루피의 회사생활_7893
송도센트럴파크_688,송도센트럴파크_688,너나 해 (Egotistic)_6723
박물관은살아있다 인사동점_689,박물관은살아있다 인사동점_689,토요일은 밤이 좋아_8164
"동막골 계곡, 힐링야영 축제_690","동막골 계곡, 힐링야영 축제_690",눈누난나 (NUNU NANA)_6815
킹덤락볼링장_691,킹덤락볼링장_691,Tempo_4974
오이도전통수산시장_692,오이도전통수산시장_692,Illusion_2607
박완서 작가가 살던집_693,박완서 작가가 살던집_693,Invisible Children_2649
제로월드 서현직영점_694,제로월드 서현직영점_694,Jingle Bell Rock (1983 Version)_2730
김포조각공원_695,김포조각공원_695,ilikegirls_6002
을지로노가리골목_696,을지로노가리골목_696,Give It A Week_1931
소래포구전통어시장_697,소래포구전통어시장_697,Not Like Us_3705
북한산국립공원 회룡탐방지원센터_698,북한산국립공원 회룡탐방지원센터_698,RNS_4166
모다아울렛 구리남양주점_699,모다아울렛 구리남양주점_699,Slidin' (feat. Kodak Black)_4590
강동구립 성내도서관_700,강동구립 성내도서관_700,Mad at Disney_3279
전등사_701,전등사_701,Just for Now_2764
시온아트홀_702,시온아트홀_702,Oh My My (What a Life)_3788
현대백화점 중동점_703,현대백화점 중동점_703,Bounce (feat. Bassjackers)_688
모다아울렛 인천점_704,모다아울렛 인천점_704,Jingle Bell Rock (1983 Version)_2730
김포에코센터_705,김포에코센터_705,Get Deady_1875
인천차이나타운_706,인천차이나타운_706,마지막이야 (Last Dance)_7009
올림픽공원_707,올림픽공원_707,Bali Palace Hotel_462
양녕대군이제묘역_708,양녕대군이제묘역_708,Love wins all_3207
포스코센터_709,포스코센터_709,RNS_4166
텐텐볼링_710,텐텐볼링_710,A-Yo_149
AK플라자 분당점_711,AK플라자 분당점_711,SEOUL DRIFT_4339
못골종합시장_712,못골종합시장_712,Illusion_2607
무신사스탠다드 홍대_713,무신사스탠다드 홍대_713,Blurred Lines (Feat. T.I. & Pharrell) (현대캐피탈 광고 삽입곡)_648
효자베이커리_714,효자베이커리_714,그해 여름 (DO YOU REMEMBER)_6502
아름다운청년전태일기념관_715,아름다운청년전태일기념관_715,VENOM_5365
영등포역 지하쇼핑센터_716,영등포역 지하쇼핑센터_716,Illusion_2607
동대문디자인플라자(DDP) 디자인랩_717,동대문디자인플라자(DDP) 디자인랩_717,This Ain't Techno_5139
동관왕묘_718,동관왕묘_718,Tempo_4974
경주동궁원 동궁식물원_719,경주동궁원 동궁식물원_719,사랑의 미로_7339
교촌마을_720,교촌마을_720,황진이_8316
슈페리어갤러리_721,슈페리어갤러리_721,Octagon (Original Mix)_3771
일본군'위안부'기억의터_722,일본군'위안부'기억의터_722,buy me presents_5860
키이스케이프 홍대점_723,키이스케이프 홍대점_723,redrum_6120
고려대학교 서울캠퍼스_724,고려대학교 서울캠퍼스_724,Only The Young (Featured in Miss Americana)_3865
최경환성지_725,최경환성지_725,EXIT 9_1468
서울대공원 둘레길_726,서울대공원 둘레길_726,TOMBOY_4901
삼청동 갤럭시 스튜디오_727,삼청동 갤럭시 스튜디오_727,Oh My My (What a Life)_3788
연극플레이스_728,연극플레이스_728,Oh My My (What a Life)_3788
도깨비 마을_729,도깨비 마을_729,Irrelevant_2653
롯데몰 은평점_730,롯데몰 은평점_730,Not Like Us_3705
인천광역시립박물관_731,인천광역시립박물관_731,Tempo_4974
봉천중앙시장_732,봉천중앙시장_732,그해 여름 (DO YOU REMEMBER)_6502
인천통일관_733,인천통일관_733,ETA_1463
반포역지하상가_734,반포역지하상가_734,Watermelon Sugar_5470
교하중앙공원_735,교하중앙공원_735,I Love Myself_2472
의선당_736,의선당_736,진또배기_8024
제부도해상케이블카_737,제부도해상케이블카_737,VENOM_5365
브랜드스타일멕 구리점_738,브랜드스타일멕 구리점_738,"BERMUDA TRIANGLE (Feat. Crush, DEAN)_371"
화담숲_739,화담숲_739,눈누난나 (NUNU NANA)_6815
스페이스소_740,스페이스소_740,불타오르네 (FIRE)_7231
어프어프_741,어프어프_741,Hug_2362
석촌호수산책길_742,석촌호수산책길_742,I Love Myself_2472
대성리국민관광유원지_743,대성리국민관광유원지_743,RNS_4166
SETEC_744,SETEC_744,VENOM_5365
율곡문화제_745,율곡문화제_745,Oh My My (What a Life)_3788
클럽오션_746,클럽오션_746,Oh My My (What a Life)_3788
평촌공원_747,평촌공원_747,Nobody wants me_3687
화담숲_748,화담숲_748,RNS_4166
용문시장_749,용문시장_749,그해 여름 (DO YOU REMEMBER)_6502
인사동 문화의거리&쌈지길_750,인사동 문화의거리&쌈지길_750,Rager teenager!_4177
수종사_751,수종사_751,RNS_4166
티케이프_752,티케이프_752,소리쳐_7462
클라임 어스_753,클라임 어스_753,VENOM_5365
일민미술관_754,일민미술관_754,Oh My My (What a Life)_3788
아스가르드 씨어터_755,아스가르드 씨어터_755,토요일은 밤이 좋아_8164
남문로데오시장_756,남문로데오시장_756,그해 여름 (DO YOU REMEMBER)_6502
경동시장_757,경동시장_757,Oh My My (What a Life)_3788
노량진축구장_758,노량진축구장_758,Tempo_4974
명동실탄사격장_759,명동실탄사격장_759,VENOM_5365
차이나타운 길거리공연_760,차이나타운 길거리공연_760,우연 (우울한 우연)_7795
연서시장_761,연서시장_761,Not Like Us_3705
구리농수산물도매시장_762,구리농수산물도매시장_762,Mad at Disney_3279
"니지모리스튜디오 호수,우편함_763","니지모리스튜디오 호수,우편함_763",사자후(獅子喉)_7391
시몬스 테라스점_764,시몬스 테라스점_764,Tempo_4974
7일장_765,7일장_765,Illusion_2607
플랫나인_766,플랫나인_766,Tempo_4974
인천나비공원_767,인천나비공원_767,"Me, Myself & I_3358"
부평종합시장_768,부평종합시장_768,Illusion_2607
무궁화동산_769,무궁화동산_769,눈누난나 (NUNU NANA)_6815
더이진_770,더이진_770,마지막 인사_7005
